{
    "playTime": 38.04665756225586,
    "playDate": "2024 - 07 - 11 - 09",
    "spawnPos": {
        "x": 50.085819244384769,
        "y": -2.397067070007324
    },
    "playerHp": 1
}