{
    "playTime": 12.583320617675782,
    "playDate": "2024 - 07 - 11 - 19",
    "spawnPos": {
        "x": 43.38808822631836,
        "y": -2.397185802459717
    },
    "playerHp": -6,
    "currentScene": "",
    "StageNumber": 0
}